SBS,Characters/Wrastor/1.png,Characters/Wrastor/SBS.png
Sigmin,Characters/Shovel Knight/1.png,Characters/Shovel Knight/Sigmin.png
Kregg,Characters/Kragg/1.png,Characters/Kragg/Cactus Cooler Kragg.png
Vindicator,Characters/Kragg/1.png,Characters/Kragg/Vindicator.png
Pokii,Characters/Ori and Sein/1.png,Characters/Ori and Sein/Infamous.png
Skooli,Characters/Forsburn/1.png,Characters/Forsburn/HeatRipple.png
Aztral,Characters/Sylvanos/1.png,Characters/Sylvanos/Full.png
Bassmage,Characters/Absa/1.png,Characters/Absa/Full.png
VariableVacancy,Characters/Mollo/1.png,Characters/Mollo/Full.png
Juice,Characters/Zetterburn/1.png,Characters/Zetterburn/Halloween.png
MushroomSoda,Characters/Ori and Sein/1.png,Characters/Ori and Sein/Red.png
Chompers,Characters/Etalus/1.png,Characters/Etalus/Full.png
PlasticDinos,Characters/Clairen/1.png,Characters/Clairen/Dinos.png
Plastic Dinos,Characters/Clairen/1.png,Characters/Clairen/Dinos.png
Silly Kyle,Characters/Pomme/1.png,Characters/Pomme/Full.png
Spicy,Characters/Absa/1.png,Characters/Absa/Spicy.png
Sawtooth,Characters/Sylvanos/1.png,Characters/Sylvanos/Sawtooth.png
Refrain,Characters/Clairen/1.png,Characters/Clairen/Refrain.png
Dam Danny,Characters/Zetterburn/1.png,Characters/Zetterburn/Blue.png
Zora,Characters/Maypul/1.png,Characters/Maypul/Full.png
Jules,Characters/Olympia/1.png,Characters/Olympia/Full.png
Breadstick,Characters/Absa/1.png,Characters/Absa/Breadstick.png
Nightslash,Characters/Kragg/1.png,Characters/Kragg/Full.png
Sunrise Land,Characters/Absa/1.png,Characters/Absa/Full.png
Solis,Characters/Ori and Sein/1.png,Characters/Ori and Sein/Full.png
Kyle Bear,Characters/Forsburn/1.png,Characters/Forsburn/Kyle Bear.png
Ash,Characters/Orcane/1.png,Characters/Orcane/Ash.png
Stroder,Characters/Ranno/1.png,Characters/Ranno/Full.png
Dunk,Characters/Kragg/1.png,Characters/Kragg/Full.png
Junuh,Characters/Wrastor/1.png,Characters/Wrastor/Full.png
Abaasy,Characters/Forsburn/1.png,Characters/Forsburn/Full.png
Chef,Characters/Zetterburn/1.png,Characters/Zetterburn/Full.png
Capy,Characters/Clairen/1.png,Characters/Clairen/Full.png
Cataclyx,Characters/Ori and Sein/1.png,Characters/Ori and Sein/Infamous.png
Shiba,Characters/Forsburn/1.png,Characters/Forsburn/Full.png
XceeD,Characters/Ranno/1.png,Characters/Ranno/Full.png
vstride,Characters/Hodan/1.png,Characters/Hodan/DK.png
Proux,Characters/Forsburn/1.png,Characters/Forsburn/Red.png
MaxSnax4Hax,Characters/Kragg/1.png,Characters/Kragg/MaxSnax4Hax.png